Ticker,Close_2020,Volatility_2020_%,Avg_Volume_2020,Return_2020_%,Momentum_6M_%,RSI_2020,Distance_from_MA_%,ROE_%,Operating_Margin_%,Debt_to_Equity,Revenue_Growth_%,Market_Cap_2020,Sector,Basic_Qualified,Composite_Score
AAPL,130.17002868652344,46.78091222738867,157796583.33333334,79.62350082538828,47.41939848665171,72.2262229549334,10.807963017932952,171.42199,31.647,1.52411,7.9,3813037572096,Technology,True,71.09865542366883
ABBV,86.62450408935547,34.96225749175165,9462549.603174603,24.062170252934337,9.22927778908697,36.42182247963334,7.07158756718766,137.961,35.497,,9.1,382886379520,Healthcare,True,47.40407099223395
ABT,99.07518005371094,39.36942105322639,6718530.158730159,26.681594161205428,18.4255058215163,64.44132219182134,-0.3140139014503453,30.620000000000005,19.395,0.2531,6.9,214911877120,Healthcare,True,63.236190805661536
ADBE,497.45001220703125,48.086944874088225,3079301.984126984,48.74563379525965,12.303871429746602,59.55936487941476,3.816578897075895,55.425999999999995,36.503,0.57197,10.5,128944070656,Technology,True,62.616280279618
ADI,133.95535278320312,50.214837816141575,2940360.3174603176,23.884579549210965,21.73084441545463,63.51347757692048,8.235539248322016,6.5729999999999995,30.501,0.265,25.900000000000002,147948994560,Technology,True,64.92557679624696
ADP,156.67539978027344,44.66133746122918,2250287.698412698,4.5312510180413215,16.853386193384388,52.57154575194378,3.295934660507248,70.572996,25.891,1.54917,7.1,105416450048,Technology,True,63.93186758583636
AEP,67.87315368652344,38.573380483103655,3145892.8571428573,-9.93259627306806,0.409934593310346,40.45662665925871,-5.379248744034332,12.923001000000001,25.885,1.52132,10.9,63900004352,Utilities,True,42.5055138319242
AFL,39.177974700927734,58.239696468759725,4046538.492063492,-15.214885792841667,26.57546243500854,39.85366121160369,5.54919249917385,15.58,43.269999999999996,0.50003,60.699999999999996,58585440256,Financial Services,True,62.59484622875699
AIG,33.47683334350586,71.28933889860426,6996319.047619048,-24.407311439946337,27.833794454585703,29.17732379043413,2.978844036671276,7.688000000000001,15.235000000000001,0.2248,-4.1000000000000005,41001824256,Financial Services,True,63.877912118902046
ALL,95.63358306884766,43.04873837185448,2054909.5238095238,-2.056366355525759,16.218104860752096,68.9744656186258,8.957057028269602,34.469001999999996,24.439,0.2943,3.8,51496845312,Financial Services,True,63.1626991744953
AMAT,83.29598236083984,59.0907561237473,8300647.222222222,41.72569647996768,43.488453852538136,46.188786239912325,13.50318588542997,35.508,28.441,0.34533,-3.5000000000000004,254136909824,Technology,True,71.2896386409183
AMD,92.29000091552734,60.97001057214734,61718450.0,87.9633478281475,76.32785755917536,57.68750080466309,6.435245159652453,5.317,13.736,0.06366,35.6,370933006336,Technology,True,72.07160296020126
AMT,190.2599334716797,43.981918024737375,2080276.5873015872,-1.7446120732961496,-15.730705371952745,54.86995495320066,-3.7471840075988037,28.839,45.477000000000004,4.180899999999999,7.7,85057830912,Real Estate,True,42.81493704692647
AMZN,164.29249572753906,38.57137510697255,98776468.25396825,73.12079511219653,13.685428101871674,72.38992925259322,3.5789030258344963,24.326999999999998,11.057,0.43405,13.4,2544698916864,Consumer Cyclical,True,55.64269908088816
ANET,18.059999465942383,49.04377027106468,12336666.666666666,41.14888126810733,37.26663768721664,65.51157918577657,10.34735328498602,31.735999999999997,42.378,,27.500000000000004,164500422656,Technology,True,71.7322556758981
APH,30.996845245361328,40.994463031527054,6366855.555555556,20.110661657348412,36.05997354866576,37.15642641057781,3.6980754488758483,34.807998,27.481002,0.6399,53.400000000000006,188798337024,Technology,True,62.50843642316046
APTV,130.7899932861328,72.07763036859701,2014355.1587301588,36.14644905034889,70.27730431362265,72.20126667373627,14.325117849615898,3.2939999999999996,11.4350006,0.85425,7.3999999999999995,17978249216,Consumer Cyclical,True,75.18173650320716
AVGO,39.11763000488281,51.373421545816825,24484650.793650795,41.037864466716,40.27743037137886,64.73715872150657,11.354525239526668,31.048,31.765,1.66032,16.400000000000002,1626019856384,Technology,True,72.3845580328287
AXP,112.0264892578125,64.38033589373539,5257925.0,-3.740801528028675,27.137534880805227,43.041773449641425,6.356451493735491,33.935001,22.052999,1.85273,12.2,248767447040,Financial Services,True,64.59526149064851
BA,216.6699981689453,87.74597852040485,28484836.111111112,-34.60964777764576,19.832974445304487,19.059121494145884,9.095503747877851,,-20.4,,30.4,193958920192,Industrials,True,59.9853612083656
BAC,26.5693416595459,58.81223564837374,68202924.6031746,-13.625055627562302,30.429356426498217,62.24069891738533,10.1463990761699,9.871,35.292998,,12.6,383709609984,Financial Services,True,71.46742598154465
BAX,71.17356872558594,37.05650898550551,3132088.888888889,-6.719383476897682,-8.63289419211391,49.39166341325368,0.5174381101778318,-4.658,10.123,1.34627,5.0,10471317504,Healthcare,True,26.375822515941543
BK,36.08878707885742,48.861682345493364,5763422.619047619,-15.43730601691583,11.767587152927383,57.12033524850784,7.491118204640368,12.898000000000001,36.638,,7.8,86408536064,Financial Services,True,61.06506463320183
BKR,18.66539192199707,70.56690513597727,7070692.857142857,-13.617218366035837,40.741766116238175,31.18812067096171,13.795770179871965,16.89,13.524,0.33042,1.5,51302375424,Energy,True,73.12961649619272
BMY,50.373199462890625,29.734357896455005,13192633.333333334,0.06613214835516458,5.488040976392704,55.746993861062755,0.2723589619344599,33.777002,31.566,2.74414,2.8000000000000003,115213451264,Healthcare,True,54.06964069920376
BSX,35.54999923706055,44.49736749412898,10991698.80952381,-21.575120668303292,0.48049226628915037,64.31450031302057,1.2982103556269307,12.488000000000001,20.730999999999998,0.50973,20.3,133434605568,Healthcare,True,54.19950903150069
C,50.907569885253906,67.5695449719372,25050648.015873015,-22.05357434898206,23.12215181546652,57.757889331888,16.401418665518825,6.8309999999999995,21.562,,3.6999999999999997,216020172800,Financial Services,True,70.48054849987568
CAG,28.84389305114746,33.86878505672308,3686806.3492063493,10.273689362533418,3.4180920200045275,57.60878033410144,0.5141663626761181,-1.16,11.413,0.94229,-6.800000000000001,8311669760,Consumer Defensive,True,49.69230582588473
CAH,46.975067138671875,46.03677785621998,2528888.095238095,10.017270617106282,4.344050611588327,31.880083514027888,1.0339568156940255,,1.205,,22.400000000000002,50698031104,Healthcare,True,42.062323105535754
CAT,163.7113037109375,44.99882746168879,3886261.111111111,23.207100892055653,42.88776075740082,49.93893878263502,4.596221211029242,46.283,17.746000000000002,2.01046,9.5,303194865664,Industrials,True,67.04355206797328
CB,141.57261657714844,48.41905377302467,2273955.1587301586,-0.13174971042511563,22.412677210602553,48.89676928435311,4.915659177966618,13.639999999999999,25.623,0.30957999999999997,9.1,119890157568,Financial Services,True,56.263673661748186
CCI,124.0567855834961,42.80577458399176,2174230.9523809524,13.836751461676744,-6.910234545361906,47.70654392380304,-2.2818668292377216,-206.679,49.254,,-4.3,39367303168,Real Estate,True,24.985616883517693
CCL,21.790000915527344,121.28319599271215,45605743.65079365,-57.03699480588599,37.216629461557766,43.818684521683906,18.017272028806055,25.632998,11.5959994,2.27882,6.6000000000000005,38641209344,Consumer Cyclical,True,85.56760960873828
CFG,28.61664581298828,76.4529465343623,5500743.650793651,-7.988392210522946,53.475010152652935,46.93564883719289,9.63527859144233,6.7140006,32.026002,,13.600000000000001,26128965632,Financial Services,True,76.40682502962144
CI,186.674560546875,53.58272115517928,2116938.888888889,-0.413911489625513,7.118478923175029,32.58935919348336,1.1863666067204264,15.537999999999998,4.0,0.81021,9.5,74196869120,Healthcare,True,50.06240138503772
CMCSA,41.2559928894043,38.281530120058086,22709164.682539683,15.402425401184413,31.129697869723532,49.51650867793195,5.590689051994955,24.186,17.735,1.01462,-2.7,111732015104,Communication Services,True,59.28367736847803
CMG,27.483400344848633,49.84638654098832,24013293.65079365,60.12422358867997,30.074308873851844,64.81127381958134,4.476755233483348,44.958,16.134001,1.5457400000000001,7.5,54084595712,Consumer Cyclical,True,71.95698823147673
CMS,51.394222259521484,38.81583360990537,2031563.492063492,-0.3169835231754525,0.6436998777426661,50.83466094998647,-3.547964837185269,11.233,26.174998,1.9167599999999998,16.0,21672132608,Utilities,True,52.690283349644844
CNC,58.91999816894531,53.69260876714883,4433442.857142857,-4.783456444856327,-11.425133580359653,31.86548444663532,-7.227795509945205,-21.86,0.54699997,0.8351000000000001,21.5,23234056192,Healthcare,True,26.53393045480167
CNP,18.823429107666016,58.767646503768404,7018612.301587301,-17.850889124107788,11.55859102157142,39.313941255668816,-4.805504639569529,9.606,24.95,2.0211099999999997,7.1,25651195904,Utilities,True,52.234236531840864
COF,89.476806640625,72.57204266720437,3831630.9523809524,-4.263946329902872,60.521688809296535,57.28358948262075,13.066329881526666,1.6150000000000002,38.719,,67.9,151533617152,Financial Services,True,75.32017194681723
COP,33.41790008544922,72.78679371373528,9560083.333333334,-36.42408549998048,-2.0699857984016945,36.852371306894156,6.754244439601346,15.421000000000001,19.543,0.36168999999999996,14.000000000000002,123514150912,Energy,True,40.880302239845875
COST,354.29534912109375,29.237763976918647,2759551.587301587,32.94506373365434,26.193751112798108,50.25582541590965,1.4497569662454741,30.325000000000003,3.659,0.26968,8.3,424756510720,Consumer Defensive,True,62.78344946993628
CPB,39.859371185302734,32.32051151928761,2412821.8253968256,1.9484158662950994,-1.2355837145302546,58.14965755019324,-0.340381124988493,14.815000000000001,14.232,1.8456700000000001,-3.4000000000000004,8019810816,Consumer Defensive,True,38.04974322540053
CRM,219.730224609375,53.06032049588487,7529498.015873016,33.18161980000339,15.51445591191528,53.41041813332904,-7.217817886067725,12.184000000000001,23.862,0.19385000000000002,8.6,222173003776,Technology,True,64.1141176948054
CSCO,38.176109313964844,42.015252120867096,25068138.492063493,-5.673570490066525,-1.621176119701711,47.15451855010353,7.296542684064641,22.418,23.604,0.6322800000000001,7.5,297319858176,Technology,True,32.26427059384279
CSX,28.151708602905273,46.09246307333839,13323698.80952381,25.06322599100656,32.00045360725535,44.243404910677214,2.749252007442676,22.589001,35.071000000000005,1.55283,-0.8999999999999999,67673251840,Industrials,True,61.90611646416242
CTVA,36.37051010131836,50.835997251576345,4645021.031746032,36.30176231543608,40.61698371807554,45.043500576361595,5.0657517803292516,6.705,-10.313,0.17175,12.6,47845994496,Basic Materials,True,61.54257108947915
CVS,57.6177978515625,39.64139370358482,8726850.396825397,-5.739942351199369,6.427305473641236,15.83913996464591,1.8267229343958802,0.57800002,2.2650002,1.11821,7.8,103249289216,Healthcare,True,42.813242973824366
CVX,68.99396514892578,61.25705944015056,11212182.936507937,-25.74737869072767,-0.5392092543468288,33.000662328571465,3.3665432117324916,7.316000000000001,9.8529994,0.21239,-1.4000000000000001,334641856512,Energy,True,33.15197664324216
D,59.44599914550781,45.036471720620256,4133473.8095238097,-5.802504210153452,-8.649395060784679,48.3287209530914,-5.939472127706997,9.203999999999999,34.504002,1.54315,14.899999999999999,51516588032,Utilities,True,30.11021208177367
DD,26.719682693481445,51.22819169007124,13780945.805555556,13.228308449142226,32.18583568271721,60.96389699181234,10.702792840296574,3.2169999999999996,17.773001,0.39673,7.3,18179088384,Basic Materials,True,69.34389367321995
DECK,47.66666793823242,58.3421370030722,2618459.523809524,66.11489264741189,47.27084946034805,39.13967974201342,5.784178160936464,43.312,22.82,0.1422,9.1,15294199808,Consumer Cyclical,True,72.97122309103423
DHI,66.71874237060547,59.499920989913534,4070794.0476190476,34.996371907254506,30.386621628774353,51.10639452011738,-2.2762846480135384,14.321,12.4680005,0.24514,-3.2,47007141888,Consumer Cyclical,True,73.15997787717579
DHR,191.3907470703125,33.63763774269908,3172699.634920635,42.86397357349121,23.02737374818286,45.375262944434716,-2.840218511457638,6.843000000000001,20.75,0.35544,4.3999999999999995,171780767744,Healthcare,True,50.93222544204718
DIS,177.001708984375,49.15190260806922,14657105.952380951,22.24697844045099,61.49938463080633,76.4543189671636,22.661791273890724,12.203,11.867999999999999,0.39632,-0.5,203966595072,Communication Services,True,70.26253273025938
DLR,116.36262512207031,43.51798927086479,2296255.5555555555,21.130820392069158,-5.355950201157395,79.02935798813841,-0.5282053164649789,5.825,13.333,0.7924800000000001,11.1,56131076096,Real Estate,True,34.68503699584214
DOW,42.25742721557617,62.13559579040785,5471063.492063492,9.789096503924547,37.12817818653614,55.3360805099562,6.579378148480965,-5.287,1.905,1.02943,-8.3,19855286272,Basic Materials,True,69.3979668213142
DRI,99.64261627197266,82.91227579070528,2657078.9682539683,5.840913461534565,57.66064317265385,57.99603172795654,8.440572177133017,54.104,10.392999999999999,4.01269,7.3,24930691072,Consumer Cyclical,True,81.21543722139748
DUK,74.44337463378906,41.48997480855075,3714948.8095238097,4.62512832269187,13.057156685115496,45.86237751936048,-1.9017538078039655,9.905,27.125,1.7034399999999998,4.8,92471705600,Utilities,True,48.145771288951956
DVN,12.45552921295166,96.84462666216994,9977562.301587302,-33.52615168813824,49.530425081823125,54.340837354420806,24.268893415951005,18.586999000000002,24.194999,0.56274,7.1,23057713152,Energy,True,85.11649546540758
DXCM,90.69249725341797,55.42273744599417,4955322.222222222,65.36146455437215,-10.943909763564626,72.49616660645711,4.403615587112212,30.635,20.053,0.94479,21.6,27152830464,Healthcare,True,41.01836648487837
EA,138.29840087890625,36.48927056438156,2959463.095238095,32.5128528427722,6.275633718161072,71.18315188131842,10.677859350284479,13.200999999999999,10.875,0.3665,-9.2,51059163136,Communication Services,True,49.85481261710738
ECL,203.79086303710938,48.71427567794202,2014084.9206349207,14.21609936488449,7.61924799374831,33.27869451921289,2.2284508050900063,21.869,14.715,1.03915,17.8,78745616384,Basic Materials,True,50.44962118669792
ED,59.36248016357422,41.189082600662665,2317893.6507936507,-16.951173654700227,-1.8728910010643485,30.22097579655403,-7.2317823223029905,8.839,25.342,1.10373,10.7,37016473600,Utilities,True,29.032943128185547
EIX,48.71299362182617,45.33072858816775,2402655.9523809524,-13.216829296238993,13.557226539295803,45.29521299196575,1.2656051795739216,15.765001000000002,32.557,2.0402,10.6,23678836736,Utilities,True,52.47121727433487
EMR,71.94348907470703,53.963457832393935,3494837.698412698,6.166924246700838,31.265922720684912,41.523841463218005,5.602134794838721,9.363000000000001,20.721,0.67785,5.1,83226329088,Industrials,True,60.74272955341276
EOG,39.72370529174805,74.92731028302136,5505530.158730159,-38.067482590099345,1.891902126217676,41.57303524028552,12.252787129891104,18.476999,33.223,0.26835000000000003,-2.4,58997317632,Energy,True,54.92559794235481
EQR,48.26151657104492,50.953473724344654,2712636.111111111,-23.71326435721738,-1.531647444474375,40.86951075744179,3.280231821936255,10.444,28.955,0.76237,4.6,24070244352,Real Estate,True,33.2669726428165
ETN,109.93546295166016,51.84257143282254,2341219.8412698414,27.422993309025674,37.11390785733949,54.55723828780181,4.300048992600603,20.653,19.791001,0.59661,10.100000000000001,129815977984,Industrials,True,72.51592000119031
ETR,41.01416778564453,46.958553787541305,2755807.9365079366,-13.414811022641077,3.6761001898481758,30.41721382880138,-6.118502675996288,11.187999999999999,30.055,1.79362,12.5,42725924864,Utilities,True,46.48644515543565
EW,89.63999938964844,44.36265887997046,3446259.523809524,15.664515341481856,29.556288808575093,65.05550865743697,8.127146693256513,13.492,27.371000000000002,0.06862,14.7,49592340480,Healthcare,True,68.69968889067927
EXC,25.054121017456055,49.105219890266596,8617023.575396825,-4.189154059722081,14.013607603259388,58.71360652296143,0.32730658386271577,10.308,22.177,1.77601,9.0,44590940160,Utilities,True,62.256265370904345
F,6.722535610198975,56.606318935166925,76852921.82539682,-4.345241039400807,46.446256319037296,32.54437803811439,2.6127870964228688,10.295,3.1460000000000004,3.46673,9.4,55006007296,Consumer Cyclical,True,69.07289746136539
FANG,39.8881721496582,103.54751925461996,3565738.888888889,-44.90521951300732,20.960164894911653,55.11063964268806,28.149453140580256,10.901,36.628,0.3566,42.0,43660296192,Energy,True,80.97338783874942
FAST,21.744281768798828,39.070459076453716,8484137.301587302,36.24134902558039,13.578421878599055,45.40971275511788,3.933963155172081,32.742,20.696,0.13283,11.700000000000001,49973993472,Industrials,True,50.72893948070657
FCX,24.829925537109375,71.9527211756192,23312412.698412698,101.73033935955655,130.6956276569672,67.10748016457157,21.945621439223313,14.538999,28.055000000000003,0.30589,2.7,86129704960,Basic Materials,True,76.64676192917338
FDX,236.15667724609375,52.59600212477643,3075817.4603174604,70.13640141238342,68.06506563889535,15.866065990200198,-6.714099534353707,15.886,7.64,,13.900000000000002,73876471808,Industrials,True,71.2268805949374
FE,24.489824295043945,53.076375824869885,6209334.523809524,-33.799512106239035,-22.503770478702922,44.373555486735626,1.6113575324488503,11.192001,20.636,1.93669,11.200000000000001,26913437696,Utilities,True,33.86138523096356
FITB,22.662879943847656,73.77315747015922,6857104.365079365,-7.264716884780007,50.27517008893418,48.1386124055503,6.768341140907422,11.5109995,39.780998000000004,,6.7,32404658176,Financial Services,True,77.15648409164459
FOXA,27.25894546508789,49.15376344577529,4782390.476190476,-20.302754484286055,10.437321046462216,48.38010813054094,4.254389014216635,17.272000000000002,26.323998,0.60136,4.9,32208046080,Communication Services,True,51.98171428804819
FTNT,29.604000091552734,55.01543339353866,8036599.206349206,34.956231671898486,6.919966719218411,85.52631657571106,17.192138982633658,228.043,31.648,1.48116,14.399999999999999,58481426432,Technology,True,56.864304709800024
GE,52.1810188293457,63.09419872084868,19695763.726190478,-9.770756443447214,57.442423751337735,33.501126380771495,12.18192639267484,42.131,20.598,1.15246,23.799999999999997,339192119296,Industrials,True,75.66637564183763
GILD,46.7547492980957,37.52978453537515,13716300.793650793,-9.6263975620133,-24.17621711582282,16.07324544215828,-4.233971692626239,40.706003,45.231,1.1624299999999999,3.0,150460252160,Healthcare,True,31.00833966990504
GIS,48.58345413208008,30.868181453532685,3976517.8571428573,16.236126191681997,-3.2005944837417637,41.96241730309208,-2.5704997873036364,27.173000000000002,17.874001,1.4723,-7.199999999999999,24336678912,Consumer Defensive,True,29.14309080698915
GM,40.36856460571289,61.2334046765576,15400251.984126983,13.296937997563486,65.7686078306194,33.99253335627053,2.9020926972895023,4.442,5.6739997,1.9543700000000002,-0.3,77032620032,Consumer Cyclical,True,70.64535330943613
GOOG,86.32852172851562,38.40932994299184,37903428.571428575,27.216494265828768,18.7628908395494,38.55034722222223,0.538248916505253,35.449999999999996,30.512,0.11424,15.9,4021852045312,Communication Services,True,53.13605780381241
GOOGL,86.16148376464844,38.5514937909135,40028047.61904762,26.8558154633831,18.117867707998208,39.476948127941796,0.653954563430584,35.449999999999996,30.512,0.11424,15.9,4030671880192,Communication Services,True,52.85335211545489
HAL,17.472923278808594,93.35823926969093,19246465.476190478,-20.988961467123957,52.93533242799283,46.38219010142987,17.400260257523577,12.788,12.857,0.83613,-1.7000000000000002,27961083904,Energy,True,82.64030699551346
HCA,155.4754638671875,60.98717412207632,2228431.3492063493,10.68992451014154,66.07667561086424,56.40673247915824,8.64309597496429,,15.473999999999998,,9.6,113152237568,Healthcare,True,70.57640875418137
HIG,43.225154876708984,65.2114354119356,2782725.0,-18.984807598109924,29.769074752944114,52.850559681668216,8.50507297219832,20.069,18.916,0.23696,7.000000000000001,36477366272,Financial Services,True,76.14373929181403
HLT,108.81573486328125,51.55310200573997,3629324.206349206,-0.9878104740093537,47.852971117105206,60.394309312642164,8.752310673673966,,60.327,,3.5000000000000004,70943850496,Consumer Cyclical,True,67.93486856160719
HON,179.54458618164062,45.40425211681703,3695743.476190476,19.40425702050779,46.97106165070111,47.34677833882623,6.7004610997962954,34.616002,18.505,2.15247,7.000000000000001,144895459328,Industrials,True,69.19872141805932
HRL,39.56544494628906,30.242704961656607,2224358.73015873,6.900526595049521,-2.479651065213342,42.58826727181357,-4.519875233474839,6.002,7.222,0.3822,1.5,13606903808,Consumer Defensive,True,24.46795738926385
INTC,44.07123565673828,53.516422195203425,31591649.603174604,-17.879389358122037,-16.390870640729936,43.95606433850167,2.302021779832753,0.18600001,6.283999999999999,0.39881,2.8000000000000003,230414843904,Technology,True,30.98459821465696
INVH,25.32144546508789,49.19305251171817,3940357.1428571427,2.314886710316049,5.677326554435955,53.728107081098614,2.9827913683126486,6.0,27.131,0.8569100000000001,6.5,16591403008,Real Estate,True,56.61271798049906
IR,45.01025390625,51.389093802329946,3374148.015873016,22.668132688871303,58.959972807844665,51.753130263262626,6.503205045515828,5.382,20.476,0.47619999999999996,5.1,34709528576,Industrials,True,69.38894626465239
ISRG,271.76666259765625,45.72417362631993,2171648.8095238097,36.50670971808515,40.45272770702809,85.58100326281044,9.08797892672962,16.902,30.325999999999997,,22.900000000000002,194057682944,Healthcare,True,70.80276861536959
JNJ,135.38723754882812,30.378507219724295,8054418.650793651,9.811868138450704,12.208401929641877,57.622726570382014,6.308435121903059,33.619,30.200001999999998,0.57766,6.800000000000001,529033035776,Healthcare,True,57.610182986343744
JPM,109.60598754882812,54.534808087465116,19272229.365079366,-7.922328342310083,36.545710806759026,61.64228962247874,9.476863617399694,16.134001,41.854,,2.5,842104569856,Financial Services,True,73.26974626449024
K,48.36507034301758,31.700373219143174,2331768.242063492,-5.539169212532926,-5.498227152554324,45.73505423773001,-2.674547009611784,32.112,15.031,1.45099,0.8,29031499776,Consumer Defensive,True,29.37610450136009
KEY,12.777676582336426,76.16557188568862,10986365.873015873,-15.418506012584231,42.423707384337305,53.28947709636018,9.093995273279255,5.8179997,33.839000000000006,,202.59999999999997,23191752704,Financial Services,True,76.32636012799281
KHC,27.481361389160156,43.289153203162165,7177860.317460317,15.686486418780458,11.558764531893532,58.12270448140825,6.655731950901325,-9.693,17.637,0.50968,-2.3,28704829440,Consumer Defensive,True,56.400345162832174
KMI,10.142118453979492,56.000524113574876,16108969.841269841,-30.84493099860341,-6.533877308236498,28.512418918220632,0.3813447945435692,8.884,25.639,1.02138,12.1,60969558016,Energy,True,33.18014675180096
KO,46.837337493896484,34.747316014223465,17034414.682539683,2.3876472307546694,23.241936032696618,60.25884169529754,4.918931634439221,42.442,32.373002,1.4477099999999998,5.1,303214886912,Consumer Defensive,True,64.35021650033087
KR,28.360553741455078,32.07839155410908,10120848.412698412,12.435101086195013,-4.794517521912836,59.6589662414193,-1.1023788237629641,7.997,3.101,3.57991,0.7000000000000001,41407447040,Consumer Defensive,True,34.98194963515054
LEN,70.28262329101562,68.43671647419404,3516667.3492063493,41.18094206461759,30.321351244103447,65.14494035934965,2.8258145836257325,8.405999999999999,7.8779995000000005,0.2753,-5.800000000000001,30194667520,Consumer Cyclical,True,72.66228061277434
LIN,244.30262756347656,39.11370673802506,2106488.492063492,26.32938205614332,19.197210550296155,67.48945245291668,5.856328650179904,17.979999,27.939999999999998,0.64673,3.1,206338949120,Basic Materials,True,63.55044316179509
LLY,158.48895263671875,42.7435207753484,3946586.111111111,28.854837130950138,2.939158780935814,65.11233024785417,12.141058958251918,96.47,48.294,1.7851599999999999,53.900000000000006,925784342528,Healthcare,True,56.43776520756546
LOW,146.4444580078125,50.946720907967816,5143131.746031746,35.650172527621166,19.172649326003626,51.43417717704648,0.2871818638190293,,11.92,,3.2,155422834688,Consumer Cyclical,True,62.351406517232796
LRCX,45.87199020385742,63.61087840563072,18946186.507936507,65.31082075987152,50.625339061698924,42.80011181794455,11.214770201044665,62.261003,34.354,0.43991,27.700000000000003,274236702720,Technology,True,75.81104595357661
MA,345.1053466796875,49.08801429529967,4706108.333333333,17.82419932110811,17.86237869466022,64.87436426859378,7.877218081996008,184.86099000000002,59.8,2.39715,16.7,490543939584,Financial Services,True,65.67583335001402
MAR,125.82536315917969,66.96212144772,4114673.8095238097,-13.530176020670318,48.59906024655891,50.0,10.339254512708626,,65.933996,,5.6000000000000005,88438243328,Consumer Cyclical,True,72.2493940053616
MCD,188.73291015625,40.17325349997896,3889830.5555555555,7.99251854429773,16.642589313087672,57.22902466976295,-1.4242182531183019,,46.905997,,3.0,220214755328,Consumer Cyclical,True,58.06980563653794
MCHP,61.849639892578125,61.43274224850216,5812878.571428572,28.907733663231728,31.597349662912666,38.43163321552479,6.978365814776574,-2.854,8.347999,0.80841,-2.0,40236265472,Technology,True,59.999842661036936
MCK,168.33432006835938,45.83828595863324,2229836.111111111,26.357043389698653,14.12387660174381,35.20821176595406,1.9027889175876205,,1.3739998999999998,,10.100000000000001,105001566208,Healthcare,True,46.89665836928921
MDLZ,51.14352035522461,34.149123492562325,6979584.523809524,9.197396751110851,13.882804138423118,55.9596883102381,2.2291834788540306,13.100999999999999,10.837,0.8362099999999999,5.8999999999999995,74143072256,Consumer Defensive,True,58.00315664712901
MDT,100.3060073852539,41.36311337147123,5563183.73015873,3.3339526779818107,25.45706014077541,66.35222796717238,4.715913328101348,9.822000000000001,20.299,0.59563,6.6000000000000005,126953340928,Healthcare,True,64.31020181439965
MET,39.7757453918457,60.320226719213075,6470909.523809524,-5.74942642316746,33.37649607640304,38.76804087558759,4.697422635877347,12.798001000000001,7.01,1.63999,-5.8999999999999995,51792228352,Financial Services,True,63.57791151958118
MMC,106.82247161865234,36.41131635431056,2124823.9166666665,4.439405842457667,7.466753961662863,46.29468016857782,1.5560506050676821,28.733999999999998,19.240999,1.39501,11.5,89819709440,Financial Services,True,46.92854556003839
MMM,121.08007049560547,37.47138236958206,3998323.8928571427,0.3294074301333643,12.846780673374338,44.79686382867155,2.439730109494448,72.920996,24.367,2.8190399999999998,3.5000000000000004,91095654400,Industrials,True,49.915377400170144
MO,27.59494972229004,36.42641598521236,9867857.53968254,-9.58525471762494,7.641483063637534,37.37073433634678,3.1254430884286784,,62.82600000000001,,-1.7000000000000002,103447691264,Consumer Defensive,True,42.52013800767823
MPC,36.47098159790039,83.72839084946595,8683054.365079366,-28.97320049548973,18.694137776662096,45.30289385974322,11.504019470359205,18.887,4.9689997,1.43175,-0.8,54012252160,Energy,True,64.29101832618151
MRK,65.61146545410156,31.914566266975164,10781255.099206349,-9.660113460789384,3.855320331913828,33.64680806534227,1.2243136591663788,39.485002,40.802,0.79708,3.6999999999999997,277154037760,Healthcare,True,43.86373872070996
MS,57.83462142944336,57.62530620542148,13641010.714285715,34.28146392225013,44.00287948788504,63.39765508815188,14.713179850493423,15.135000000000002,38.872,4.2055299999999995,19.1,305363058688,Financial Services,True,74.13508573751801
MSFT,212.71075439453125,44.02679017910572,37725931.746031746,39.47727035326634,8.017847624468724,68.54346005464257,3.225714076824493,32.241002,48.873,0.33154000000000006,18.4,3394429779968,Technology,True,59.33642506238396
MU,70.17211151123047,57.48502797329535,22688590.873015873,29.842926689475107,44.33073862490654,52.65908698048654,14.66214043544379,22.554001,44.974998,0.21244,56.699999999999996,378880196608,Technology,True,74.0958078325227
NEE,66.79896545410156,41.66028033187268,9269095.238095239,29.872393004773723,24.43287334271989,66.32656543252006,1.5511858345975886,8.236,30.768,1.44161,5.3,171128029184,Utilities,True,63.881315164284295
NEM,51.57126998901367,46.26573911871676,7904334.126984127,42.2084658386609,0.11057327712253558,53.59996918759277,-1.2320811310375896,22.875999,46.85,0.16914,20.0,125442949120,Basic Materials,True,56.00969359180196
NFLX,52.45899963378906,46.272168198148066,69400182.53968254,59.05824940308967,10.002307744301932,67.25691989776496,4.90117307843932,42.861,28.219998,0.65822,17.2,373075116032,Communication Services,True,60.957360967632425
NI,19.02988052368164,44.95457067028118,3351848.015873016,-14.29027712799342,-1.751656003794774,42.69655844947382,-4.2084636793569965,9.073,22.872999999999998,1.40579,18.3,20599812096,Utilities,True,30.08727978767873
NKE,131.84356689453125,41.64910341098177,7399666.26984127,39.85253371339513,44.44693441243215,56.08909439414096,6.302269924453567,17.950001,8.094999999999999,0.8009900000000001,0.6,95603163136,Consumer Cyclical,True,68.1617489550749
NOW,109.47599792480469,50.0578720951457,9221531.746031746,87.9480769467543,32.15035143269179,58.54410772463841,4.745121599324154,16.813,16.789,0.21255,21.8,138397827072,Technology,True,72.01620418664079
NUE,48.972862243652344,49.79501034898528,2312452.777777778,-0.16677309993290507,30.00896537288022,33.332687581516794,1.6138970155265226,9.014,10.421,0.31248000000000004,14.499999999999998,39995338752,Basic Materials,True,58.94708558415599
NVDA,13.108884811401367,58.01795232891843,481999825.3968254,119.53970594436018,36.841708100479686,57.393306168625095,-1.0392646041023037,107.35900000000001,63.168997000000005,0.09102,62.5,4552645935104,Technology,True,74.24502665209715
NWSA,17.24074363708496,49.40704718825783,2699856.3492063493,26.934216080601008,50.86064494066248,45.68341658786067,8.620992747192558,7.025000500000001,10.448,0.31439,2.3,15602414592,Communication Services,True,68.8339732127122
O,45.972572326660156,58.370189518888985,2935349.5396825396,-11.816700075989592,2.2403757654496306,53.23826258192498,1.274662836930927,2.488,44.513999999999996,0.73977,10.299999999999999,55747383296,Real Estate,True,57.463840948013726
OKE,28.48360824584961,93.79613237219081,5374699.206349206,-43.860409024369886,26.401476838070053,36.87494017268556,9.690636395291719,17.846999999999998,18.160999,1.5221799999999999,71.89999999999999,46198898688,Energy,True,72.46365548324846
ORCL,59.91045379638672,40.72857881292245,13122127.777777778,21.469877490357536,16.07821068345803,78.72089310815984,8.740804500821639,69.026,31.996999999999996,4.3251100000000005,14.2,545578647552,Technology,True,57.4431074093473
ORLY,30.1200008392334,42.13004283299562,10151047.61904762,3.263856265635185,5.597761895613484,60.76370444550877,0.13555535285510048,,20.742,,7.8,79222464512,Consumer Cyclical,True,53.095292941045514
OXY,16.876750946044922,109.78946152384805,30633211.111111112,-56.57332908765237,0.8825463286371444,42.55529325232229,23.454693991010778,5.955,17.723,0.6222099999999999,-7.7,42551238656,Energy,True,61.18232239099602
PAYX,80.01573944091797,48.41012636346852,2106462.301587302,11.924862658149364,22.262146683478385,46.12066299514152,1.909437885630327,40.884998,41.667,1.2981399999999998,18.3,39669493760,Technology,True,57.68590872351038
PCAR,47.52595901489258,36.344809017922096,2795744.0476190476,10.636110492205745,15.209960623684731,46.1544886165971,-1.6725534066470742,14.151,9.9209994,0.82453,-19.0,64032915456,Industrials,True,47.78152683686056
PEG,48.51127243041992,40.55857389204379,2763896.8253968256,1.299107341643612,16.544046015919424,54.90608376798684,-1.1996480648855672,12.579,27.029999999999998,1.38209,22.1,39637819392,Utilities,True,61.12842369773197
PEP,126.25839233398438,36.65815544641324,5060782.936507937,11.620453738216206,12.477435105538458,57.245100014092664,3.728610082055302,37.162,16.903000000000002,2.6019,2.7,200665661440,Consumer Defensive,True,59.503001077764935
PFE,28.788103103637695,35.864861509668955,33885358.1984127,2.9786193199146602,14.472860807300169,15.237981688748462,-0.8243850849921525,10.597999399999999,35.276999999999994,0.6653100000000001,-5.8999999999999995,147146113024,Healthcare,True,48.77859162635739
PG,121.56939697265625,32.55155831899359,8016309.126984127,14.393219314936243,15.328601975960288,55.811982296948074,-1.0204960373932195,31.902,27.58,0.67125,3.0,338527813632,Consumer Defensive,True,59.77873731729835
PGR,82.99910736083984,37.00921259323971,3023130.9523809524,35.74197884149539,23.229623068105102,74.08345285302079,3.8169616080930773,34.223998,15.079,0.19454999999999997,14.2,119309287424,Financial Services,True,59.97739106015967
PLD,85.90471649169922,46.27885374828066,3469792.4603174604,14.725673083526363,4.617225578341322,60.15594551333374,-0.7711364746384594,5.963,42.720002,0.6278900000000001,8.7,123288510464,Real Estate,True,55.26669183868924
PM,63.9712028503418,39.23174339382909,5419646.825396826,1.9299298961011302,19.16951905794376,36.0220607496729,6.063833672779337,,40.747002,,9.4,268675858432,Consumer Defensive,True,49.06964767924403
PNC,122.62806701660156,57.794230608584094,2646992.0634920634,-4.595257561427416,46.94368655535845,61.65266124621594,11.956087836780629,11.486,39.788000000000004,,10.8,84544323584,Financial Services,True,72.68238457040354
PPL,22.758756637573242,46.98145292868835,5508847.222222222,-17.612317294280622,8.508276430524253,35.76159886888857,-1.7215417036699292,7.6620005,26.619,1.32089,8.4,26416087040,Utilities,True,47.40894503529486
PRU,60.84428787231445,67.66798399642448,2887096.8253968256,-13.118365728361114,34.73282042956127,38.11980547049894,5.81708678570463,8.5,9.917,1.48723,-8.3,40987275264,Financial Services,True,64.81344573377949
PSX,58.07189178466797,70.09043340315138,3803421.0317460317,-33.69760053156211,6.293969279955179,55.77286180143987,17.666515687358938,5.6199998,4.3950000000000005,0.77483,-2.9000000000000004,56581435392,Energy,True,61.27230599285998
PYPL,230.97604370117188,52.486858799345704,8874096.031746032,109.03837007683074,30.64160929343258,71.4878425134676,10.836836927147468,24.358,19.198999,0.60239,7.3,54208172032,Financial Services,True,68.01712511053309
QCOM,134.63955688476562,52.91686760457037,9825393.253968254,73.40093366912748,64.80213771005823,38.464455013037785,5.176375899761812,23.34,26.235000000000003,0.7376699999999999,10.0,174139817984,Technology,True,72.8167229292797
RCL,72.47642517089844,113.88494898839883,12539242.063492063,-44.684690455117156,48.95981621092465,29.87860437435984,3.932088959574219,46.677,33.139,2.03878,5.2,75827838976,Consumer Cyclical,True,89.367693822214
RF,13.038071632385254,70.69339808826578,10868656.349206349,-2.3755570160818804,53.75892837360626,51.06387022745894,7.203238473190586,11.401,46.976003,,15.6,25470941184,Financial Services,True,76.29415146471442
RTX,63.62574768066406,57.65010605189933,10392361.035714285,-23.836531669897546,17.192924766269115,37.17646324533878,6.531317342347149,10.702,12.399000000000001,0.61315,11.899999999999999,267926470656,Industrials,True,56.23849207766637
SBUX,94.68512725830078,45.650113869853044,9658915.476190476,21.047096183065538,45.09201697300021,68.77951910382261,9.35092911242098,,10.975999999999999,,5.5,106068688896,Consumer Cyclical,True,66.28203188355886
SCHW,49.09945297241211,53.45468489623768,11511975.793650793,10.659563523645673,58.41043935540596,64.48597953013302,11.588404104088589,17.046,49.242002,0.99789,26.6,186531938304,Financial Services,True,72.96731177094655
SLB,19.65438461303711,77.74486734561317,15750776.587301588,-43.64229980782321,23.23716356037092,36.17796837520204,11.896228001611247,15.182,15.479000000000001,0.47459,-2.5,69624307712,Energy,True,66.38714463695715
SO,50.165138244628906,46.11889642234483,4775233.333333333,0.996766380681106,17.347226965263037,48.73011181571038,0.19493489696867544,11.429,36.558997999999995,1.92679,7.5,97745076224,Utilities,True,53.086904480888066
SRE,53.6436882019043,47.09931939906456,3399715.0793650793,-12.506292605160002,5.849972348910904,43.63155004919842,-2.3009421952214093,6.77,14.503,0.8128700000000001,13.5,59766046720,Utilities,True,46.11279560619353
STT,61.32567596435547,58.80393601407522,2593341.6666666665,-7.845220472238731,15.720399918170155,48.206661480773626,5.304178696390337,11.1499995,32.749,,9.4,38639304704,Financial Services,True,55.82530204302614
STX,51.48563766479492,43.1115247691689,3004315.873015873,5.600285113276585,31.10930059825933,37.0523025389726,6.242080167200223,,26.892,,21.3,69788778496,Technology,True,56.125877234496954
T,15.195931434631348,35.75811805532175,52669548.02380952,-19.953118530513443,-0.7223044408857086,16.01830541900138,-0.6091207185782468,19.139999,21.58,1.2441200000000001,1.6,169607135232,Communication Services,True,30.51227305549009
TAP,39.37527847290039,46.29287978964094,2393065.476190476,-14.530418356579966,28.0135812059267,26.490137828043657,5.913739630096936,-17.294999999999998,16.489,0.61017,-2.3,10014354432,Consumer Defensive,True,52.46879694406282
TFC,37.469268798828125,66.55842489287241,6349668.253968254,-12.740033127776474,32.73962518113047,47.17601461648029,2.9778196606209777,7.982,39.318,,2.5,64826351616,Financial Services,True,65.0061715605695
TGT,151.34185791015625,37.57287094333446,4857036.111111111,40.71194996909707,47.29838945618491,49.297656176103594,3.8419411732556643,25.094998,4.626,1.3206200000000001,-1.6,50511007744,Consumer Defensive,True,65.6695985922261
TJX,63.4209098815918,51.65439325448595,8157745.238095238,11.106046211487755,31.980670092760473,60.42212025923602,10.935701284628879,58.396,12.489,1.40977,7.5,173807648768,Consumer Cyclical,True,72.46323011125607
TMUS,128.7626190185547,40.887533181799924,5396205.158730159,69.5890404627019,25.724041813819344,59.963312136062726,6.335811451993396,19.034000000000002,22.23,2.0062200000000003,8.9,214572384256,Communication Services,True,67.31053019781365
TSLA,231.5933380126953,89.63807916108536,226229315.47619048,707.3955441692112,187.41748278074414,66.85330343317557,31.579947303004847,6.7909999999999995,6.628,0.17082,11.600000000000001,1458604474368,Consumer Cyclical,True,78.5986621651039
TSN,54.657142639160156,49.681310380061205,3057496.8253968256,-27.450850728436286,10.268449940132903,26.49781425185691,1.3314532019071035,2.76,-0.49799997,0.5318999999999999,2.1999999999999997,21335226368,Consumer Defensive,True,46.04499187648359
TXN,141.1512451171875,43.258034378313745,5169659.523809524,29.26409084173104,31.147691589226266,49.76954416754923,3.7517141823141413,29.757,36.736000000000004,0.84477,14.2,171936006144,Technology,True,60.68609542054098
UNH,317.990234375,48.20021401817187,4037694.0476190476,19.886376122463794,16.562002271749474,50.80915147640813,2.246645016750823,17.476,3.8129999999999997,0.7573399999999999,12.2,307160809472,Healthcare,True,63.277061060962865
UNP,184.17088317871094,42.02487128578993,3455430.1587301586,15.424584611238657,23.010532791195782,50.184072671475995,3.9717533805528795,41.619,41.030997,1.89829,2.5,136735449088,Industrials,True,66.27223035561907
UPS,135.2261199951172,41.34018430554426,4489636.111111111,47.06701653151223,47.174834176322086,45.43769374520985,-0.7254416318818001,33.617999999999995,10.174999999999999,1.8432,-3.6999999999999997,92134678528,Industrials,True,68.16266869371344
USB,37.24911117553711,58.67492391547206,8184421.031746032,-18.50667711333984,31.296394154165135,56.17356803040076,7.654076698744987,11.72,39.486,,7.199999999999999,83979763712,Financial Services,True,72.92897869633217
V,210.583740234375,42.82642410547443,9746618.253968254,14.95609478252634,11.93317108849546,65.87126574856636,6.593948805221304,52.068000000000005,65.75,0.6880700000000001,11.5,632620253184,Financial Services,True,60.95798429378057
VLO,47.271209716796875,80.37973350343822,4998653.571428572,-36.52335978290669,4.296205821966981,42.4855664337607,12.346655524255967,5.2389998,5.527,0.39561,-3.2,57352523776,Energy,True,53.15442829194619
VTR,40.79649353027344,84.61102250036437,3557102.380952381,-8.829630756183688,32.426620131130704,46.63993566229119,4.397702337550577,2.1559998,15.584000000000001,1.0011,21.8,36129501184,Real Estate,True,69.90439636566737
WELL,55.830223083496094,75.17216854655518,3410309.126984127,-16.56563141304213,23.90262733821842,44.991804041430754,3.325388592817538,2.75,19.906001,0.46210999999999997,30.599999999999998,129139490816,Real Estate,True,62.999520862144664
WFC,26.51421356201172,61.46157077221872,41060119.047619045,-42.425987959272256,18.42770262890702,55.46875417993099,13.389196502841525,11.5200005,33.717000000000006,,7.5,279205871616,Financial Services,True,67.92309113067475
WM,108.08051300048828,34.84972322741578,2098631.746031746,4.330852360174791,12.451352385427862,51.23503103014007,0.14126433105309508,29.328,18.872999,2.45399,14.899999999999999,88578375680,Industrials,True,58.98359869639035
WMB,15.586699485778809,64.3005094309101,11631308.333333334,-7.805437547158231,8.47165031910319,24.754939412524408,-1.4795351665126266,16.902,39.554,1.8833799999999998,8.3,73645604864,Energy,True,55.23996780020642
WMT,44.902645111083984,31.622472652328664,27220890.476190478,23.24433276693024,21.887402611926387,30.12291456059519,-1.283341659101767,23.660999999999998,3.73,0.66747,5.800000000000001,950363815936,Consumer Defensive,True,51.29799364861522
WY,27.507919311523438,69.52078120409611,5055525.793650794,16.57048154635929,52.19955328145009,68.51161013734105,11.88946387828219,3.4189999999999996,2.854,0.58233,2.1,19343708160,Real Estate,True,72.96581873714692
WYNN,110.22351837158203,86.2616334562247,4768915.079365079,-20.36797962262254,46.663230668245184,54.22641863754991,17.022067290979113,,16.931999,,8.3,12203725824,Consumer Cyclical,True,77.65325736774292
XEL,56.01762008666992,39.108003143424185,3079291.26984127,8.00850523740392,3.743896745854252,53.71871666215782,-4.4391674030053,9.449000999999999,26.615998,1.67891,7.3999999999999995,44578439168,Utilities,True,52.822189253085895
XOM,34.00010299682617,53.01311750599498,28835327.38095238,-36.639930993585175,-1.442525446249277,43.006994528622734,9.197997986573919,11.424,11.057,0.15672,-5.1,550385221632,Energy,True,33.843672901678595
YUM,99.76653289794922,44.28227748199376,2157134.126984127,9.246559091527313,27.70386833392856,62.54281953699879,5.875762627833686,,34.410998,,8.4,44699332608,Consumer Cyclical,True,64.75097186192254
ZTS,157.05075073242188,39.171849376784856,2027111.507936508,23.163174532972143,19.647032073029195,64.65019943866685,1.1882537706589333,49.868,39.333,1.3505,0.5,55515377664,Healthcare,True,63.79163386201436
